run	patient	arm	cell_type	fraction
SRR36909580	S5	IL8	Other	82.31359927538995
SRR36909580	S5	IL8	CD4_T_cells	1.1011717830816514
SRR36909580	S5	IL8	CD8_T_cells	1.089606536429354
SRR36909580	S5	IL8	Endothelium	5.689436335290629
SRR36909580	S5	IL8	Fibroblasts	1.4050626041608416
SRR36909580	S5	IL8	Macrophages	0.1644203443142368
SRR36909580	S5	IL8	Monocytes	2.0334566598789547
SRR36909580	S5	IL8	NK_cells	4.194781199294559
SRR36909580	S5	IL8	Non_plasma_B_cells	1.8428257448990757
SRR36909580	S5	IL8	Plasma_B_cells	0.1656395172607394
SRR36909580	S5	IL8	T_cells	2.190778319511005
SRR36909580	S5	IL8	Monocytic_cells	2.197877004193192
SRR36909580	S5	IL8	B_cells	2.008465262159815
SRR36909580	S5	IL8	Immune_general	10.59190178515857
SRR36909580	S5	IL8	Lymphocytes	8.394024780965378
SRR36909580	S5	IL8	Stromal	7.09449893945147
SRR36909581	S5	control	Other	82.03174707434077
SRR36909581	S5	control	CD4_T_cells	1.0574177432000071
SRR36909581	S5	control	CD8_T_cells	1.2126675717801436
SRR36909581	S5	control	Endothelium	6.525138292866204
SRR36909581	S5	control	Fibroblasts	1.0303428156422516
SRR36909581	S5	control	Macrophages	0.4719316980718814
SRR36909581	S5	control	Monocytes	4.255941953902139
SRR36909581	S5	control	NK_cells	3.414812850196601
SRR36909581	S5	control	Non_plasma_B_cells	0.0
SRR36909581	S5	control	Plasma_B_cells	0.0
SRR36909581	S5	control	T_cells	2.2700853149801508
SRR36909581	S5	control	Monocytic_cells	4.727873651974019
SRR36909581	S5	control	B_cells	0.0
SRR36909581	S5	control	Immune_general	10.412771817150771
SRR36909581	S5	control	Lymphocytes	5.684898165176753
SRR36909581	S5	control	Stromal	7.555481108508456
SRR36909582	S4	IL8	Other	59.10367937743799
SRR36909582	S4	IL8	CD4_T_cells	4.494828692557109
SRR36909582	S4	IL8	CD8_T_cells	2.493271982399136
SRR36909582	S4	IL8	Endothelium	10.709644917919316
SRR36909582	S4	IL8	Fibroblasts	4.918630690434641
SRR36909582	S4	IL8	Macrophages	3.8121959816512794
SRR36909582	S4	IL8	Monocytes	7.247321945505448
SRR36909582	S4	IL8	NK_cells	7.199648495789004
SRR36909582	S4	IL8	Non_plasma_B_cells	0.0181681250245934
SRR36909582	S4	IL8	Plasma_B_cells	0.0026097912814883
SRR36909582	S4	IL8	T_cells	6.988100674956245
SRR36909582	S4	IL8	Monocytic_cells	11.059517927156726
SRR36909582	S4	IL8	B_cells	0.0207779163060817
SRR36909582	S4	IL8	Immune_general	25.268045014208056
SRR36909582	S4	IL8	Lymphocytes	14.20852708705133
SRR36909582	S4	IL8	Stromal	15.628275608353958
SRR36909583	S4	control	Other	60.61799659367728
SRR36909583	S4	control	CD4_T_cells	3.9166210944058726
SRR36909583	S4	control	CD8_T_cells	2.108900082585815
SRR36909583	S4	control	Endothelium	12.873187419393922
SRR36909583	S4	control	Fibroblasts	2.8566455119983174
SRR36909583	S4	control	Macrophages	2.221903627113088
SRR36909583	S4	control	Monocytes	4.53651348740673
SRR36909583	S4	control	NK_cells	9.034825075139889
SRR36909583	S4	control	Non_plasma_B_cells	1.6951748776054048
SRR36909583	S4	control	Plasma_B_cells	0.1382322306736841
SRR36909583	S4	control	T_cells	6.025521176991687
SRR36909583	S4	control	Monocytic_cells	6.758417114519818
SRR36909583	S4	control	B_cells	1.8334071082790888
SRR36909583	S4	control	Immune_general	23.65217047493048
SRR36909583	S4	control	Lymphocytes	16.893753360410663
SRR36909583	S4	control	Stromal	15.72983293139224
SRR36909584	S3	IL8	Other	52.01487050214091
SRR36909584	S3	IL8	CD4_T_cells	2.871262254978626
SRR36909584	S3	IL8	CD8_T_cells	1.5925180695265937
SRR36909584	S3	IL8	Endothelium	20.908258524553503
SRR36909584	S3	IL8	Fibroblasts	4.426431867414021
SRR36909584	S3	IL8	Macrophages	2.810892438293417
SRR36909584	S3	IL8	Monocytes	7.177702050354837
SRR36909584	S3	IL8	NK_cells	7.4985215896397905
SRR36909584	S3	IL8	Non_plasma_B_cells	0.5831033613985813
SRR36909584	S3	IL8	Plasma_B_cells	0.1164393416997376
SRR36909584	S3	IL8	T_cells	4.463780324505219
SRR36909584	S3	IL8	Monocytic_cells	9.988594488648252
SRR36909584	S3	IL8	B_cells	0.6995427030983189
SRR36909584	S3	IL8	Immune_general	22.650439105891586
SRR36909584	S3	IL8	Lymphocytes	12.661844617243329
SRR36909584	S3	IL8	Stromal	25.334690391967523
SRR36909585	S3	control	Other	55.61424669588399
SRR36909585	S3	control	CD4_T_cells	2.595140069823085
SRR36909585	S3	control	CD8_T_cells	0.7163421898644773
SRR36909585	S3	control	Endothelium	14.483396969288115
SRR36909585	S3	control	Fibroblasts	7.019310840686554
SRR36909585	S3	control	Macrophages	2.3598036303747665
SRR36909585	S3	control	Monocytes	5.308573092231275
SRR36909585	S3	control	NK_cells	10.52587473865762
SRR36909585	S3	control	Non_plasma_B_cells	1.1419721022280152
SRR36909585	S3	control	Plasma_B_cells	0.2353396709620883
SRR36909585	S3	control	T_cells	3.311482259687562
SRR36909585	S3	control	Monocytic_cells	7.668376722606042
SRR36909585	S3	control	B_cells	1.3773117731901037
SRR36909585	S3	control	Immune_general	22.883045494141328
SRR36909585	S3	control	Lymphocytes	15.214668771535289
SRR36909585	S3	control	Stromal	21.502707809974677
SRR36909586	S2	IL8	Other	49.4883665858796
SRR36909586	S2	IL8	CD4_T_cells	8.029331104091156
SRR36909586	S2	IL8	CD8_T_cells	3.9704186071961
SRR36909586	S2	IL8	Endothelium	11.441765464872272
SRR36909586	S2	IL8	Fibroblasts	7.86880148708634
SRR36909586	S2	IL8	Macrophages	1.140954678939571
SRR36909586	S2	IL8	Monocytes	6.780289120473601
SRR36909586	S2	IL8	NK_cells	9.31533100441281
SRR36909586	S2	IL8	Non_plasma_B_cells	1.6137408232823969
SRR36909586	S2	IL8	Plasma_B_cells	0.3510011237661418
SRR36909586	S2	IL8	T_cells	11.999749711287254
SRR36909586	S2	IL8	Monocytic_cells	7.921243799413172
SRR36909586	S2	IL8	B_cells	1.9647419470485383
SRR36909586	S2	IL8	Immune_general	31.201066462161776
SRR36909586	S2	IL8	Lymphocytes	23.279822662748604
SRR36909586	S2	IL8	Stromal	19.310566951958613
SRR36909587	S13	IL8	Other	76.42046110202881
SRR36909587	S13	IL8	CD4_T_cells	2.0500122068932964
SRR36909587	S13	IL8	CD8_T_cells	0.8342398120246894
SRR36909587	S13	IL8	Endothelium	6.003057150091222
SRR36909587	S13	IL8	Fibroblasts	2.131845791311352
SRR36909587	S13	IL8	Macrophages	0.9907443507628018
SRR36909587	S13	IL8	Monocytes	3.0732347641637023
SRR36909587	S13	IL8	NK_cells	5.6602706628058
SRR36909587	S13	IL8	Non_plasma_B_cells	2.196804260276779
SRR36909587	S13	IL8	Plasma_B_cells	0.6393298996415362
SRR36909587	S13	IL8	T_cells	2.884252018917985
SRR36909587	S13	IL8	Monocytic_cells	4.063979114926504
SRR36909587	S13	IL8	B_cells	2.8361341599183154
SRR36909587	S13	IL8	Immune_general	15.444635956568604
SRR36909587	S13	IL8	Lymphocytes	11.3806568416421
SRR36909587	S13	IL8	Stromal	8.134902941402574
SRR36909588	S13	control	Other	61.44982495255916
SRR36909588	S13	control	CD4_T_cells	5.18952986598033
SRR36909588	S13	control	CD8_T_cells	0.9752485587828824
SRR36909588	S13	control	Endothelium	5.446553568455151
SRR36909588	S13	control	Fibroblasts	2.8198055843311325
SRR36909588	S13	control	Macrophages	2.476740628672811
SRR36909588	S13	control	Monocytes	4.536744562919544
SRR36909588	S13	control	NK_cells	8.485817098958309
SRR36909588	S13	control	Non_plasma_B_cells	6.4665502509561685
SRR36909588	S13	control	Plasma_B_cells	2.1531849283845133
SRR36909588	S13	control	T_cells	6.164778424763213
SRR36909588	S13	control	Monocytic_cells	7.013485191592355
SRR36909588	S13	control	B_cells	8.619735179340681
SRR36909588	S13	control	Immune_general	30.28381589465456
SRR36909588	S13	control	Lymphocytes	23.270330703062204
SRR36909588	S13	control	Stromal	8.266359152786283
SRR36909589	S12	IL8	Other	72.98912643869294
SRR36909589	S12	IL8	CD4_T_cells	3.888550907707392
SRR36909589	S12	IL8	CD8_T_cells	1.6351363510371315
SRR36909589	S12	IL8	Endothelium	7.74813111974829
SRR36909589	S12	IL8	Fibroblasts	1.652962949465976
SRR36909589	S12	IL8	Macrophages	1.91244259921558
SRR36909589	S12	IL8	Monocytes	1.1950617302431672
SRR36909589	S12	IL8	NK_cells	8.577805390448436
SRR36909589	S12	IL8	Non_plasma_B_cells	0.3564501052119436
SRR36909589	S12	IL8	Plasma_B_cells	0.0443324082291395
SRR36909589	S12	IL8	T_cells	5.523687258744523
SRR36909589	S12	IL8	Monocytic_cells	3.107504329458747
SRR36909589	S12	IL8	B_cells	0.4007825134410832
SRR36909589	S12	IL8	Immune_general	17.60977949209279
SRR36909589	S12	IL8	Lymphocytes	14.502275162634042
SRR36909589	S12	IL8	Stromal	9.401094069214269
SRR36909590	S12	control	Other	55.32560593210908
SRR36909590	S12	control	CD4_T_cells	5.582790228027617
SRR36909590	S12	control	CD8_T_cells	1.9723121197594864
SRR36909590	S12	control	Endothelium	12.501316622677027
SRR36909590	S12	control	Fibroblasts	7.40578057775278
SRR36909590	S12	control	Macrophages	2.5476944076871737
SRR36909590	S12	control	Monocytes	1.9309459701687368
SRR36909590	S12	control	NK_cells	9.879499120915105
SRR36909590	S12	control	Non_plasma_B_cells	2.4543440067705564
SRR36909590	S12	control	Plasma_B_cells	0.3997110141324327
SRR36909590	S12	control	T_cells	7.555102347787105
SRR36909590	S12	control	Monocytic_cells	4.478640377855911
SRR36909590	S12	control	B_cells	2.854055020902989
SRR36909590	S12	control	Immune_general	24.767296867461106
SRR36909590	S12	control	Lymphocytes	20.288656489605195
SRR36909590	S12	control	Stromal	19.907097200429806
SRR36909591	S11	IL8	Other	80.93646102765823
SRR36909591	S11	IL8	CD4_T_cells	2.3681675899106778
SRR36909591	S11	IL8	CD8_T_cells	2.594601234874112
SRR36909591	S11	IL8	Endothelium	4.937009998224724
SRR36909591	S11	IL8	Fibroblasts	2.302871874696889
SRR36909591	S11	IL8	Macrophages	0.4895154472103348
SRR36909591	S11	IL8	Monocytes	0.8342398042075939
SRR36909591	S11	IL8	NK_cells	1.1739969357504108
SRR36909591	S11	IL8	Non_plasma_B_cells	3.9876487123782014
SRR36909591	S11	IL8	Plasma_B_cells	0.3754873750888237
SRR36909591	S11	IL8	T_cells	4.962768824784789
SRR36909591	S11	IL8	Monocytic_cells	1.3237552514179287
SRR36909591	S11	IL8	B_cells	4.363136087467026
SRR36909591	S11	IL8	Immune_general	11.823657099420156
SRR36909591	S11	IL8	Lymphocytes	10.499901848002226
SRR36909591	S11	IL8	Stromal	7.239881872921613
SRR36909592	S11	control	Other	69.88653445105777
SRR36909592	S11	control	CD4_T_cells	3.749909098987297
SRR36909592	S11	control	CD8_T_cells	3.677766262200208
SRR36909592	S11	control	Endothelium	2.5317130262883274
SRR36909592	S11	control	Fibroblasts	2.3405026527637256
SRR36909592	S11	control	Macrophages	1.0878479156496386
SRR36909592	S11	control	Monocytes	4.512362770287091
SRR36909592	S11	control	NK_cells	6.793508028281257
SRR36909592	S11	control	Non_plasma_B_cells	4.384472923157716
SRR36909592	S11	control	Plasma_B_cells	1.0353828713269793
SRR36909592	S11	control	T_cells	7.4276753611875055
SRR36909592	S11	control	Monocytic_cells	5.600210685936729
SRR36909592	S11	control	B_cells	5.419855794484696
SRR36909592	S11	control	Immune_general	25.241249869890197
SRR36909592	S11	control	Lymphocytes	19.64103918395346
SRR36909592	S11	control	Stromal	4.8722156790520526
SRR36909593	S2	control	Other	47.12081161499071
SRR36909593	S2	control	CD4_T_cells	11.821347185713178
SRR36909593	S2	control	CD8_T_cells	6.472301279112133
SRR36909593	S2	control	Endothelium	12.147968936240972
SRR36909593	S2	control	Fibroblasts	4.411275142880735
SRR36909593	S2	control	Macrophages	2.695512465387921
SRR36909593	S2	control	Monocytes	7.132436064515585
SRR36909593	S2	control	NK_cells	8.198347311158779
SRR36909593	S2	control	Non_plasma_B_cells	0.0
SRR36909593	S2	control	Plasma_B_cells	0.0
SRR36909593	S2	control	T_cells	18.29364846482531
SRR36909593	S2	control	Monocytic_cells	9.827948529903503
SRR36909593	S2	control	B_cells	0.0
SRR36909593	S2	control	Immune_general	36.3199443058876
SRR36909593	S2	control	Lymphocytes	26.491995775984087
SRR36909593	S2	control	Stromal	16.559244079121704
SRR36909594	S10	IL8	Other	30.328976449849147
SRR36909594	S10	IL8	CD4_T_cells	2.826112234970061
SRR36909594	S10	IL8	CD8_T_cells	48.7899923822517
SRR36909594	S10	IL8	Endothelium	4.26882836389968
SRR36909594	S10	IL8	Fibroblasts	1.0680703358525714
SRR36909594	S10	IL8	Macrophages	1.5467454504695464
SRR36909594	S10	IL8	Monocytes	6.67193156304471
SRR36909594	S10	IL8	NK_cells	4.393603681782528
SRR36909594	S10	IL8	Non_plasma_B_cells	0.0864249285915973
SRR36909594	S10	IL8	Plasma_B_cells	0.0193146092884664
SRR36909594	S10	IL8	T_cells	51.61610461722176
SRR36909594	S10	IL8	Monocytic_cells	8.218677013514256
SRR36909594	S10	IL8	B_cells	0.1057395378800637
SRR36909594	S10	IL8	Immune_general	64.33412485039861
SRR36909594	S10	IL8	Lymphocytes	56.11544783688435
SRR36909594	S10	IL8	Stromal	5.336898699752251
SRR36909595	S10	control	Other	20.905038083356537
SRR36909595	S10	control	CD4_T_cells	3.5709891238900524
SRR36909595	S10	control	CD8_T_cells	49.60335950775702
SRR36909595	S10	control	Endothelium	8.576488932693236
SRR36909595	S10	control	Fibroblasts	1.082878062018898
SRR36909595	S10	control	Macrophages	2.6153352261748206
SRR36909595	S10	control	Monocytes	5.488357531807834
SRR36909595	S10	control	NK_cells	7.28249129232936
SRR36909595	S10	control	Non_plasma_B_cells	0.7662898196426459
SRR36909595	S10	control	Plasma_B_cells	0.1087724203296022
SRR36909595	S10	control	T_cells	53.17434863164707
SRR36909595	S10	control	Monocytic_cells	8.103692757982655
SRR36909595	S10	control	B_cells	0.8750622399722482
SRR36909595	S10	control	Immune_general	69.43559492193133
SRR36909595	S10	control	Lymphocytes	61.33190216394868
SRR36909595	S10	control	Stromal	9.659366994712132
SRR36909596	S9	IL8	Other	33.09507490775868
SRR36909596	S9	IL8	CD4_T_cells	9.473319248376548
SRR36909596	S9	IL8	CD8_T_cells	17.1609772263462
SRR36909596	S9	IL8	Endothelium	6.852183687372257
SRR36909596	S9	IL8	Fibroblasts	12.417490787477826
SRR36909596	S9	IL8	Macrophages	3.1576558024143124
SRR36909596	S9	IL8	Monocytes	7.639424740019258
SRR36909596	S9	IL8	NK_cells	6.7646212857516765
SRR36909596	S9	IL8	Non_plasma_B_cells	3.0462466188598443
SRR36909596	S9	IL8	Plasma_B_cells	0.3930056956233861
SRR36909596	S9	IL8	T_cells	26.634296474722756
SRR36909596	S9	IL8	Monocytic_cells	10.797080542433571
SRR36909596	S9	IL8	B_cells	3.4392523144832308
SRR36909596	S9	IL8	Immune_general	47.63525061739123
SRR36909596	S9	IL8	Lymphocytes	36.83817007495766
SRR36909596	S9	IL8	Stromal	19.269674474850085
SRR36909597	S9	control	Other	25.59864775453034
SRR36909597	S9	control	CD4_T_cells	11.443622289145484
SRR36909597	S9	control	CD8_T_cells	30.57843464579577
SRR36909597	S9	control	Endothelium	9.754551042748355
SRR36909597	S9	control	Fibroblasts	2.2177146121215583
SRR36909597	S9	control	Macrophages	1.7838629879074068
SRR36909597	S9	control	Monocytes	5.82976645327645
SRR36909597	S9	control	NK_cells	9.612779531973988
SRR36909597	S9	control	Non_plasma_B_cells	2.605460782511719
SRR36909597	S9	control	Plasma_B_cells	0.5751598999889225
SRR36909597	S9	control	T_cells	42.02205693494125
SRR36909597	S9	control	Monocytic_cells	7.613629441183857
SRR36909597	S9	control	B_cells	3.1806206825006416
SRR36909597	S9	control	Immune_general	62.42908659059974
SRR36909597	S9	control	Lymphocytes	54.81545714941588
SRR36909597	S9	control	Stromal	11.972265654869917
SRR36909598	S8	IL8	Other	24.806585084052312
SRR36909598	S8	IL8	CD4_T_cells	9.711479323158796
SRR36909598	S8	IL8	CD8_T_cells	25.790039383069768
SRR36909598	S8	IL8	Endothelium	9.46378028871671
SRR36909598	S8	IL8	Fibroblasts	12.88190169377791
SRR36909598	S8	IL8	Macrophages	3.565306165141842
SRR36909598	S8	IL8	Monocytes	4.6543269133773375
SRR36909598	S8	IL8	NK_cells	4.484260988219522
SRR36909598	S8	IL8	Non_plasma_B_cells	3.341384088132303
SRR36909598	S8	IL8	Plasma_B_cells	1.300936072353503
SRR36909598	S8	IL8	T_cells	35.501518706228566
SRR36909598	S8	IL8	Monocytic_cells	8.219633078519179
SRR36909598	S8	IL8	B_cells	4.642320160485807
SRR36909598	S8	IL8	Immune_general	52.847732933453074
SRR36909598	S8	IL8	Lymphocytes	44.6280998549339
SRR36909598	S8	IL8	Stromal	22.34568198249462
SRR36909599	S8	control	Other	23.22902308150449
SRR36909599	S8	control	CD4_T_cells	9.316188724647713
SRR36909599	S8	control	CD8_T_cells	26.313111649593736
SRR36909599	S8	control	Endothelium	12.258601127030024
SRR36909599	S8	control	Fibroblasts	1.5240957188616038
SRR36909599	S8	control	Macrophages	1.467800078186285
SRR36909599	S8	control	Monocytes	1.8658722458961177
SRR36909599	S8	control	NK_cells	6.189594928168474
SRR36909599	S8	control	Non_plasma_B_cells	4.214622984275246
SRR36909599	S8	control	Plasma_B_cells	13.621089461836297
SRR36909599	S8	control	T_cells	35.629300374241446
SRR36909599	S8	control	Monocytic_cells	3.3336723240824027
SRR36909599	S8	control	B_cells	17.835712446111543
SRR36909599	S8	control	Immune_general	62.98828007260386
SRR36909599	S8	control	Lymphocytes	59.65460774852146
SRR36909599	S8	control	Stromal	13.782696845891628
SRR36909600	S7	IL8	Other	29.168853687710826
SRR36909600	S7	IL8	CD4_T_cells	11.269373164952665
SRR36909600	S7	IL8	CD8_T_cells	19.00214019903933
SRR36909600	S7	IL8	Endothelium	11.601697548756595
SRR36909600	S7	IL8	Fibroblasts	1.6325695953444983
SRR36909600	S7	IL8	Macrophages	1.4810786973258083
SRR36909600	S7	IL8	Monocytes	2.149941104309724
SRR36909600	S7	IL8	NK_cells	1.8158621141443656
SRR36909600	S7	IL8	Non_plasma_B_cells	4.494515895335014
SRR36909600	S7	IL8	Plasma_B_cells	17.38396799308117
SRR36909600	S7	IL8	T_cells	30.271513363992
SRR36909600	S7	IL8	Monocytic_cells	3.631019801635533
SRR36909600	S7	IL8	B_cells	21.878483888416184
SRR36909600	S7	IL8	Immune_general	57.59687916818808
SRR36909600	S7	IL8	Lymphocytes	53.96585936655255
SRR36909600	S7	IL8	Stromal	13.234267144101096
SRR36909601	S7	control	Other	25.10067840652619
SRR36909601	S7	control	CD4_T_cells	8.553475685522207
SRR36909601	S7	control	CD8_T_cells	28.14926993305708
SRR36909601	S7	control	Endothelium	13.077065975334667
SRR36909601	S7	control	Fibroblasts	6.016458665022201
SRR36909601	S7	control	Macrophages	4.958855885468881
SRR36909601	S7	control	Monocytes	2.692129093771693
SRR36909601	S7	control	NK_cells	6.07481514248685
SRR36909601	S7	control	Non_plasma_B_cells	3.5624605381152787
SRR36909601	S7	control	Plasma_B_cells	1.814790674694966
SRR36909601	S7	control	T_cells	36.702745618579286
SRR36909601	S7	control	Monocytic_cells	7.650984979240574
SRR36909601	S7	control	B_cells	5.377251212810244
SRR36909601	S7	control	Immune_general	55.80579695311696
SRR36909601	S7	control	Lymphocytes	48.15481197387638
SRR36909601	S7	control	Stromal	19.09352464035687
SRR36909602	S6	IL8	Other	65.1131325396786
SRR36909602	S6	IL8	CD4_T_cells	1.3733984885744237
SRR36909602	S6	IL8	CD8_T_cells	1.3705574140957668
SRR36909602	S6	IL8	Endothelium	18.59694446004292
SRR36909602	S6	IL8	Fibroblasts	2.820019575436024
SRR36909602	S6	IL8	Macrophages	0.7096734970688797
SRR36909602	S6	IL8	Monocytes	4.527810659211958
SRR36909602	S6	IL8	NK_cells	5.488463365891437
SRR36909602	S6	IL8	Non_plasma_B_cells	0.0
SRR36909602	S6	IL8	Plasma_B_cells	0.0
SRR36909602	S6	IL8	T_cells	2.7439559026701907
SRR36909602	S6	IL8	Monocytic_cells	5.237484156280837
SRR36909602	S6	IL8	B_cells	0.0
SRR36909602	S6	IL8	Immune_general	13.469903424842467
SRR36909602	S6	IL8	Lymphocytes	8.232419268561628
SRR36909602	S6	IL8	Stromal	21.416964035478944
SRR36909603	S6	control	Other	80.71378722291217
SRR36909603	S6	control	CD4_T_cells	1.1115654557995485
SRR36909603	S6	control	CD8_T_cells	0.9864918567498262
SRR36909603	S6	control	Endothelium	8.05976523198158
SRR36909603	S6	control	Fibroblasts	1.2150225213437231
SRR36909603	S6	control	Macrophages	0.1516512198436815
SRR36909603	S6	control	Monocytes	2.2071014413006216
SRR36909603	S6	control	NK_cells	3.757263210385955
SRR36909603	S6	control	Non_plasma_B_cells	1.7307678508525228
SRR36909603	S6	control	Plasma_B_cells	0.066583988830365
SRR36909603	S6	control	T_cells	2.0980573125493747
SRR36909603	S6	control	Monocytic_cells	2.3587526611443037
SRR36909603	S6	control	B_cells	1.797351839682888
SRR36909603	S6	control	Immune_general	10.01142502376252
SRR36909603	S6	control	Lymphocytes	7.652672362618217
SRR36909603	S6	control	Stromal	9.274787753325302
SRR36909604	S1	IL8	Other	41.86886070740368
SRR36909604	S1	IL8	CD4_T_cells	11.11967134289526
SRR36909604	S1	IL8	CD8_T_cells	4.60986606048241
SRR36909604	S1	IL8	Endothelium	15.132459032065828
SRR36909604	S1	IL8	Fibroblasts	3.5091421032175085
SRR36909604	S1	IL8	Macrophages	3.3520574610875866
SRR36909604	S1	IL8	Monocytes	9.077910456552647
SRR36909604	S1	IL8	NK_cells	11.330032836295072
SRR36909604	S1	IL8	Non_plasma_B_cells	0.0
SRR36909604	S1	IL8	Plasma_B_cells	0.0
SRR36909604	S1	IL8	T_cells	15.729537403377671
SRR36909604	S1	IL8	Monocytic_cells	12.429967917640234
SRR36909604	S1	IL8	B_cells	0.0
SRR36909604	S1	IL8	Immune_general	39.48953815731298
SRR36909604	S1	IL8	Lymphocytes	27.059570239672745
SRR36909604	S1	IL8	Stromal	18.641601135283334
SRR36909605	S1	control	Other	52.73644701028277
SRR36909605	S1	control	CD4_T_cells	10.265676252453408
SRR36909605	S1	control	CD8_T_cells	1.9021770630481192
SRR36909605	S1	control	Endothelium	10.134776139177086
SRR36909605	S1	control	Fibroblasts	2.5953438258313146
SRR36909605	S1	control	Macrophages	2.705371165994353
SRR36909605	S1	control	Monocytes	8.612671477064747
SRR36909605	S1	control	NK_cells	11.047537066148196
SRR36909605	S1	control	Non_plasma_B_cells	0.0
SRR36909605	S1	control	Plasma_B_cells	0.0
SRR36909605	S1	control	T_cells	12.167853315501526
SRR36909605	S1	control	Monocytic_cells	11.3180426430591
SRR36909605	S1	control	B_cells	0.0
SRR36909605	S1	control	Immune_general	34.53343302470882
SRR36909605	S1	control	Lymphocytes	23.215390381649723
SRR36909605	S1	control	Stromal	12.7301199650084
